COUNTY,itemID,TilesetID
10-County,https://morpc.maps.arcgis.com/sharing/rest/content/items/302275c4353940289aac7f0f89138db8/data,16
Delaware,https://morpc.maps.arcgis.com/sharing/rest/content/items/e1a7477406c04b2baebcc744145cdb0b/data,16
Fairfield,https://morpc.maps.arcgis.com/sharing/rest/content/items/5739ac5e2325405896d7a0c23ec303ad/data,16
Franklin,https://morpc.maps.arcgis.com/sharing/rest/content/items/738f5229e85c4768ac7deb880b8bad26/data,16
Knox,https://morpc.maps.arcgis.com/sharing/rest/content/items/d8551c0c32364c2a910f956263e210f2/data,16
Licking,https://morpc.maps.arcgis.com/sharing/rest/content/items/e8b678d867a64d96bd9018826c16a4f0/data,16
Madison,https://morpc.maps.arcgis.com/sharing/rest/content/items/bb603ffbc0a147429649fdba646fdc19/data,16
Marion,https://morpc.maps.arcgis.com/sharing/rest/content/items/2f20f1eae0454788bcbe9385b98fee16/data,16
Morrow,https://morpc.maps.arcgis.com/sharing/rest/content/items/5db4e9c418bf4319bb2b2750637a2875/data,16
Pickaway,https://morpc.maps.arcgis.com/sharing/rest/content/items/a7bb608cc3d94043bb129564eb525516/data,16
Union,https://morpc.maps.arcgis.com/sharing/rest/content/items/d61c449529dd4c9794fa041626728dc6/data,16
